Patient,GT
HUSC_0074,0
HCUV_5017,5
HUSC_0019,0
HUSC_5063,5
HUSC_0012,0
HUSC_5065,5
HUSC_0072,0
HUSC_5043,5
HUSC_5011,5
HUSC_5007,5
HCUV_5020,5
HUSC_5054,5
HCUV_0002,0
HCUV_0025,0
HCUV_0014,0
HUSC_0052,0
HUSC_0077,0
HCUV_5031,5
HCUV_5033,5
HUSC_5013,5
HUSC_0057,0
HCUV_5041,5
HUSC_5018,5
HUSC_0041,0
HUSC_5046,5
HUSC_0038,0
HUSC_5040,5
HUSC_0024,0
HUSC_0013,0
HCUV_5006,5
HUSC_0001,0
HUSC_0005,0
HUSC_0080,0
HCUV_0015,0
HUSC_5064,5
HUSC_5021,5
HUSC_0053,0
HCUV_0008,0
HUSC_5022,5
HCUV_0038,0
HCUV_0011,0
HUSC_5030,5
HUSC_0063,0
HUSC_5041,5
HUSC_0081,0
HCUV_0033,0
HUSC_0058,0
HCUV_0040,0
HCUV_5023,5
HUSC_5031,5
HUSC_0068,0
HCUV_5001,5
HCUV_5029,5
HCUV_5043,5
HCUV_0013,0
HCUV_5034,5
HUSC_0032,0
HUSC_0029,0
HCUV_0035,0
HUSC_0056,0
HUSC_5027,5
HUSC_5052,5
HUSC_0073,0
HUSC_0075,0
HUSC_5044,5
HCUV_5011,5
HUSC_0021,0
HUSC_5004,5
HUSC_0031,0
HCUV_5028,5
HUSC_0034,0
HUSC_0064,0
HCUV_0007,0
HCUV_5015,5
HUSC_5062,5
HCUV_5036,5
HUSC_0070,0
HUSC_0060,0
HUSC_5023,5
HUSC_0022,0
HUSC_0078,0
HCUV_5025,5
HUSC_5059,5
HUSC_5006,5
HCUV_5024,5
HUSC_5039,5
HUSC_5055,5
HCUV_5039,5
HCUV_0017,0
HUSC_5049,5
HCUV_5044,5
HUSC_0016,0
HUSC_0067,0
HUSC_5035,5
HCUV_0039,0
HUSC_0040,0
HCUV_5040,5
HCUV_0012,0
HUSC_5025,5
HUSC_0002,0
HCUV_0006,0
HUSC_0030,0
HUSC_5057,5
HCUV_5012,5
HUSC_0045,0
HUSC_0055,0
HCUV_0005,0
HUSC_5042,5
HUSC_0026,0
HCUV_5022,5
HUSC_0006,0
HCUV_5026,5
HUSC_0017,0
HUSC_5019,5
HCUV_0031,0
HUSC_0033,0
HUSC_5016,5
HCUV_5019,5
HUSC_5009,5
HCUV_0026,0
HCUV_5013,5
HUSC_0048,0
HUSC_0035,0
HUSC_5015,5
HCUV_5021,5
HCUV_5032,5
HCUV_0041,0
HCUV_5035,5
HUSC_0062,0
HUSC_5050,5
HCUV_0020,0
HCUV_5009,5
HUSC_0071,0
HUSC_5053,5
HUSC_5017,5
HUSC_5045,5
HUSC_5038,5
HCUV_5010,5
HCUV_5004,5
HUSC_0037,0
HUSC_0051,0
HCUV_0001,0
HUSC_5024,5
HUSC_5051,5
HUSC_0061,0
