Patient,GT
HCUV_2046,2
HCUV_2066,2
HCUV_2007,2
HCUV_2051,2
HCUV_2058,2
HCUV_2037,2
HCUV_2088,2
HCUV_2091,2
HCUV_2052,2
HCUV_2044,2
HCUV_2036,2
HCUV_2049,2
HCUV_2045,2
HCUV_2025,2
HCUV_2024,2
HCUV_2034,2
HCUV_2040,2
HCUV_2061,2
HCUV_2078,2
HCUV_2089,2
HCUV_2082,2
HCUV_2016,2
HCUV_2005,2
HCUV_2086,2
HCUV_2008,2
HCUV_2074,2
HCUV_2067,2
HCUV_2041,2
HCUV_2047,2
HCUV_2023,2
HCUV_2004,2
HCUV_2022,2
HCUV_2048,2
HCUV_2059,2
HCUV_2014,2
HCUV_2032,2
HCUV_2019,2
HCUV_2030,2
HCUV_2012,2
HCUV_2033,2
HCUV_2043,2
HCUV_2003,2
HCUV_2079,2
HCUV_2035,2
HCUV_2039,2
HCUV_2065,2
HCUV_2042,2
HCUV_2077,2
HCUV_2050,2
HCUV_2071,2
HUSC_2065,2
HUSC_2088,2
HUSC_2092,2
HUSC_2003,2
HUSC_2071,2
HUSC_2079,2
HUSC_2060,2
HUSC_2044,2
HUSC_2082,2
HUSC_2021,2
HUSC_2051,2
HUSC_2057,2
HUSC_2045,2
HUSC_2100,2
HUSC_2002,2
HUSC_2063,2
HUSC_2048,2
HUSC_2014,2
HUSC_2096,2
HUSC_2086,2
HUSC_2026,2
HUSC_2046,2
HUSC_2098,2
HUSC_2099,2
HUSC_2007,2
HUSC_2066,2
HUSC_2068,2
HUSC_2083,2
HUSC_2019,2
HUSC_2097,2
HUSC_2024,2
HUSC_2070,2
HUSC_2020,2
HUSC_2031,2
HUSC_2080,2
HUSC_2008,2
HUSC_2032,2
HUSC_2091,2
HUSC_2090,2
HUSC_2012,2
HUSC_2093,2
HUSC_2089,2
HUSC_2034,2
HUSC_2023,2
HUSC_2061,2
HUSC_2058,2
HUSC_2078,2
HUSC_2067,2
HUSC_2062,2
HUSC_2006,2
HUSC_2039,2
HUSC_2059,2
HUSC_2056,2
HUSC_2035,2
HUSC_2055,2
HUSC_2041,2
HUSC_2017,2
HUSC_2069,2
HUSC_2094,2
HUSC_2015,2
HUSC_2064,2
HUSC_2040,2
HUSC_2073,2
HUSC_2074,2
HUSC_2016,2
HUSC_2075,2
HCUV_4038,4
HCUV_4062,4
HCUV_4046,4
HCUV_4002,4
HCUV_4015,4
HCUV_4012,4
HCUV_4061,4
HCUV_4023,4
HCUV_4059,4
HCUV_4044,4
HCUV_4010,4
HCUV_4021,4
HCUV_4057,4
HCUV_4035,4
HCUV_4055,4
HCUV_4003,4
HCUV_4014,4
HCUV_4042,4
HCUV_4050,4
HCUV_4052,4
HCUV_4031,4
HCUV_4048,4
HCUV_4017,4
HCUV_4001,4
HCUV_4024,4
HCUV_4030,4
HCUV_4004,4
HCUV_4047,4
HCUV_4006,4
HCUV_4008,4
HCUV_4063,4
HCUV_4033,4
HUSC_4060,4
HUSC_4042,4
HUSC_4053,4
HUSC_4079,4
HUSC_4015,4
HUSC_4058,4
HUSC_4066,4
HUSC_4024,4
HUSC_4077,4
HUSC_4044,4
HUSC_4075,4
HUSC_4046,4
HUSC_4014,4
HUSC_4048,4
HUSC_4085,4
HUSC_4016,4
HUSC_4049,4
HUSC_4059,4
HUSC_4029,4
HUSC_4065,4
HUSC_4020,4
HUSC_4025,4
HUSC_4054,4
HUSC_4010,4
HUSC_4019,4
HUSC_4041,4
HUSC_4082,4
HUSC_4033,4
HUSC_4051,4
HUSC_4026,4
HUSC_4036,4
HUSC_4084,4
HUSC_4018,4
HUSC_4056,4
HUSC_4006,4
HUSC_4055,4
HUSC_4076,4
HUSC_4081,4
HUSC_4004,4
HUSC_4011,4
HUSC_4074,4
HUSC_4001,4
HUSC_4069,4
HUSC_4003,4
HUSC_4070,4
HUSC_4022,4
HUSC_4023,4
HUSC_4013,4
