Patient,GT
HCUV_1042,1
HCUV_1023,1
HUSC_3020,3
HUSC_1002,1
HCUV_1035,1
HUSC_1023,1
HUSC_3017,3
HCUV_3078,3
HUSC_1024,1
HUSC_3042,3
HCUV_1020,1
HCUV_1018,1
HUSC_3046,3
HUSC_1025,1
HCUV_1001,1
HUSC_3006,3
HUSC_3034,3
HUSC_3013,3
HUSC_1003,1
HUSC_3009,3
HCUV_1006,1
HCUV_3060,3
HUSC_1007,1
HCUV_1047,1
HCUV_3074,3
HUSC_3014,3
HUSC_3032,3
HCUV_1003,1
HUSC_3026,3
HUSC_3029,3
HCUV_3027,3
HCUV_3020,3
HUSC_3027,3
HUSC_3012,3
HCUV_3010,3
HCUV_3045,3
HUSC_3039,3
HUSC_3021,3
HUSC_3024,3
HUSC_3010,3
HUSC_1001,1
HCUV_1004,1
HCUV_3037,3
HUSC_3015,3
HCUV_1014,1
HUSC_1020,1
HUSC_3005,3
HCUV_1013,1
HUSC_3023,3
HCUV_3080,3
HUSC_3001,3
HCUV_1019,1
HUSC_1005,1
HCUV_1011,1
HCUV_3063,3
HUSC_3003,3
HUSC_3040,3
HUSC_3030,3
HUSC_1006,1
HUSC_1018,1
HUSC_1027,1
HUSC_1004,1
HCUV_1025,1
HUSC_1013,1
HUSC_1010,1
HUSC_1016,1
HUSC_3036,3
HUSC_3011,3
HUSC_3047,3
HCUV_3050,3
HCUV_1010,1
HCUV_1048,1
HUSC_3045,3
HUSC_3043,3
HUSC_3041,3
HUSC_1026,1
HCUV_3022,3
HCUV_1012,1
HUSC_1009,1
HUSC_3033,3
